id,first_name,middle_name,last_name,birth_date,gender,document_id,current_status,enrollment_date,graduation_date,phone_number
1,Игорь,Виленович,Кабанова,2015-02-23,male,8648 540936,enrolled,2010-09-01,,+73134914164
2,Лора,Владиславович,Сазонова,2007-08-19,female,9817 343883,enrolled,2010-09-01,,+75984565133
3,Нина,Дмитриевич,Костина,2019-06-25,female,6316 829179,enrolled,2010-09-01,,+73638242417
4,Евгения,Иларионович,Данилова,2008-12-20,female,5428 430997,enrolled,2010-09-01,,+74378396656
5,Ульян,Викентьевич,Суханов,2010-12-29,male,3785 242447,enrolled,2010-09-01,,+78016329951
6,Чеслав,Жоресович,Савина,2010-03-10,male,6042 274552,enrolled,2010-09-01,,+79038966411
7,Кира,Юлианович,Шилова,2010-04-16,female,1763 988417,enrolled,2010-09-01,,+70021239026
8,Николай,Архипович,Потапов,2010-10-13,male,7023 272638,enrolled,2010-09-01,,+73469041219
9,Феврония,Оскаровна,Буров,2014-09-19,female,9456 615799,enrolled,2010-09-01,,+74874685082
10,Наталья,Ждановна,Дьячкова,2013-02-08,female,2551 987721,enrolled,2010-09-01,,+70769249539
11,Потап,Афанасьевич,Мухин,2015-05-27,male,3134 609660,enrolled,2010-09-01,,+73156687326
12,Фирс,Фомич,Самойлова,2014-12-04,male,1188 931422,enrolled,2010-09-01,,+76186549954
13,Александра,Германович,Котов,2014-04-07,female,1196 182558,enrolled,2010-09-01,,+76201565373
14,Любим,Валентинович,Воронцова,2010-03-13,male,9268 890988,enrolled,2010-09-01,,+76580942240
15,Нестор,Филатович,Романова,2009-11-20,male,8792 303611,enrolled,2010-09-01,,+76367780984
16,Синклитикия,Тимофеевна,Кудряшова,2011-06-30,female,2221 130766,enrolled,2010-09-01,,+76010437970
17,Гедеон,Дмитриевна,Гордеев,2016-05-02,male,5564 898710,enrolled,2010-09-01,,+79775537595
18,Марфа,Димитриевич,Большакова,2008-04-27,female,7254 964832,enrolled,2010-09-01,,+70339918802
19,Аполлинарий,Анатольевна,Галкин,2008-03-11,male,9784 222141,enrolled,2010-09-01,,+73169608371
20,Клавдий,Игоревич,Юдин,2007-09-28,male,4872 942691,enrolled,2010-09-01,,+70633033316
21,Варвара,Матвеевна,Шубин,2012-06-21,female,9695 856537,enrolled,2010-09-01,,+77371831897
22,Ульяна,Робертовна,Куликова,2009-02-12,female,6027 198713,enrolled,2010-09-01,,+70097790924
23,Марк,Николаевна,Костин,2012-09-28,male,5035 614391,enrolled,2010-09-01,,+73332191934
24,Спиридон,Трифонович,Казакова,2009-07-28,male,6109 115790,enrolled,2010-09-01,,+79932297021
25,Аверкий,Арсенович,Мамонтов,2015-12-18,male,4550 468790,enrolled,2010-09-01,,+74522261652
26,Ярополк,Германович,Щербаков,2007-10-05,male,2207 861680,enrolled,2010-09-01,,+75303202781
27,Пров,Юрьевна,Селиверстов,2008-08-16,male,8286 208003,enrolled,2010-09-01,,+70129759908
28,Алла,Игнатьевич,Федосеева,2010-04-09,female,7706 542788,enrolled,2010-09-01,,+76425514067
29,Любосмысл,Афанасьевич,Соколова,2009-02-10,male,5375 397603,enrolled,2010-09-01,,+78882129452
30,Аполлинарий,Мироновна,Жданова,2012-02-06,male,4958 419981,enrolled,2010-09-01,,+76912201421
31,Ия,Петровна,Бурова,2009-03-05,female,3140 159454,enrolled,2010-09-01,,+72570158065
32,Мстислав,Владиленович,Тарасов,2009-09-05,male,8069 443180,enrolled,2010-09-01,,+74412454006
33,Ян,Владимировна,Воробьева,2013-10-08,male,8087 866983,enrolled,2010-09-01,,+74024718803
34,Валерьян,Бориславович,Тихонов,2011-11-11,male,2658 941942,enrolled,2010-09-01,,+77493143159
35,Чеслав,Никифоровна,Фадеев,2014-04-21,male,5228 393920,enrolled,2010-09-01,,+74480536868
36,Кир,Даниловна,Журавлева,2010-06-02,male,1646 292000,enrolled,2010-09-01,,+71231625588
37,Наталья,Зиновьевич,Никитин,2008-11-24,female,7321 119191,enrolled,2010-09-01,,+75663011626
38,Нинель,Харлампович,Голубев,2008-07-07,female,9048 558239,enrolled,2010-09-01,,+77064053098
39,Екатерина,Юлианович,Данилов,2008-10-15,female,5017 294424,enrolled,2010-09-01,,+70943552557
40,Милован,Святославовна,Федорова,2012-03-29,male,8433 540647,enrolled,2010-09-01,,+70670551410
41,Фортунат,Аркадьевна,Исаева,2010-04-02,male,9944 762942,enrolled,2010-09-01,,+76725631389
42,Кузьма,Владимировна,Носкова,2015-09-18,male,8109 658668,enrolled,2010-09-01,,+71806539915
43,Гедеон,Трифонович,Григорьев,2009-12-03,male,4001 400982,enrolled,2010-09-01,,+71469702182
44,Мечислав,Ерофеевич,Соколова,2009-06-20,male,1009 132702,enrolled,2010-09-01,,+75733594970
45,Адам,Григорьевна,Калашников,2011-02-15,male,1149 669614,enrolled,2010-09-01,,+76022913373
46,Алла,Тимурович,Щербакова,2016-01-03,female,7320 790779,enrolled,2010-09-01,,+74127475274
47,Петр,Максимовна,Кошелев,2007-10-13,male,7806 288105,enrolled,2010-09-01,,+72515319138
48,Нонна,Устинович,Павлова,2014-09-15,female,9703 817599,enrolled,2010-09-01,,+79317895025
49,Фока,Ильинична,Тарасов,2010-05-25,male,8809 683499,enrolled,2010-09-01,,+73849251052
50,Фрол,Ермилович,Михеев,2013-04-21,male,5440 721699,enrolled,2011-09-01,,+73502916046
51,Раиса,Семеновна,Николаева,2009-03-08,female,8771 740951,enrolled,2011-09-01,,+73210503452
52,Филарет,Евстигнеевич,Соловьев,2014-08-26,male,4212 246797,enrolled,2011-09-01,,+72230351103
53,Маргарита,Вениаминовна,Щербаков,2009-04-25,female,8275 121872,enrolled,2011-09-01,,+79788593213
54,Устин,Герасимович,Одинцов,2015-05-10,male,1694 388417,enrolled,2011-09-01,,+76033041911
55,София,Давидович,Титов,2013-01-16,female,8006 581303,enrolled,2011-09-01,,+76731013950
56,Полина,Феодосьевич,Иванова,2012-05-16,female,8328 935104,enrolled,2011-09-01,,+78731109487
57,Лукия,Дорофеевич,Маслова,2010-01-28,female,7761 946046,enrolled,2011-09-01,,+71357620803
58,Наина,Борисовна,Аксенова,2018-04-22,female,4889 139095,enrolled,2011-09-01,,+71554627698
59,Демид,Андреевна,Белов,2015-02-22,male,3963 542440,enrolled,2011-09-01,,+76320680895
60,Влас,Валерьевич,Гурьев,2016-08-19,male,9513 721283,enrolled,2011-09-01,,+77911358685
61,Галина,Иосифович,Афанасьева,2007-08-18,female,9687 906835,enrolled,2011-09-01,,+79271835748
62,Лукия,Андреевна,Князева,2010-07-05,female,4013 762292,enrolled,2011-09-01,,+76703405047
63,Георгий,Гордеевич,Никифорова,2012-09-19,male,8969 112583,enrolled,2011-09-01,,+75281923183
64,Исай,Демидович,Королева,2011-02-04,male,9028 458796,enrolled,2011-09-01,,+71260621810
65,Ким,Дмитриевна,Селиверстова,2011-09-04,male,5631 933429,enrolled,2011-09-01,,+74025281380
66,Павел,Ааронович,Ефимов,2014-02-08,male,5028 328922,enrolled,2011-09-01,,+75648418598
67,Валерия,Вячеславович,Гришин,2011-02-16,female,9142 188504,enrolled,2011-09-01,,+75659492598
68,Виталий,Арсенович,Третьякова,2017-08-02,male,4465 599327,enrolled,2011-09-01,,+78280076032
69,Болеслав,Эдгардович,Гурьева,2010-03-31,male,9093 776375,enrolled,2011-09-01,,+73033870056
70,Гурий,Исидорович,Давыдова,2010-12-16,male,8793 845671,enrolled,2011-09-01,,+79913638742
71,Орест,Артемьевич,Стрелкова,2009-03-22,male,8285 823119,enrolled,2011-09-01,,+79157824239
72,Милован,Яковлевна,Бурова,2011-01-03,male,8191 765142,enrolled,2011-09-01,,+74705998890
73,Виссарион,Тарасович,Никитина,2013-09-27,male,8891 579022,enrolled,2011-09-01,,+73742838013
74,Клавдий,Григорьевна,Рыбаков,2011-05-08,male,7150 758378,enrolled,2011-09-01,,+79167700363
75,Твердислав,Жоресович,Игнатов,2013-02-19,male,5351 357822,enrolled,2011-09-01,,+78690076519
76,Дарья,Феоктистович,Лихачев,2007-07-28,female,6663 786934,enrolled,2011-09-01,,+79874183551
77,Леонид,Давидович,Степанова,2018-11-02,male,5563 999261,enrolled,2011-09-01,,+77419050592
78,Зоя,Валентинович,Овчинникова,2018-12-15,female,7847 388648,enrolled,2011-09-01,,+73740327781
79,Светлана,Федосьевич,Тетерин,2009-10-09,female,9074 350226,enrolled,2011-09-01,,+75118883086
80,Антонина,Фролович,Петров,2016-03-05,female,3095 335175,enrolled,2011-09-01,,+73510704672
81,Лукия,Брониславович,Хохлов,2009-01-31,female,5752 500482,enrolled,2011-09-01,,+74835232954
82,Анжела,Руслановна,Филиппов,2013-05-21,female,9723 507552,enrolled,2011-09-01,,+70403901628
83,Агата,Феодосьевич,Русаков,2008-02-06,female,5708 336330,enrolled,2011-09-01,,+76177580643
84,Клавдия,Ильинична,Корнилов,2017-05-20,female,8369 745660,enrolled,2011-09-01,,+73872995315
85,Аверьян,Оскаровна,Федотова,2018-11-13,male,3941 938558,enrolled,2011-09-01,,+78523436359
86,Алевтина,Викторович,Кудряшов,2014-12-03,female,3297 634229,enrolled,2011-09-01,,+73534184055
87,Ян,Анатольевич,Емельянова,2017-01-20,male,8783 508464,enrolled,2011-09-01,,+74041662646
88,Алла,Германович,Брагин,2012-12-23,female,6487 299079,enrolled,2011-09-01,,+72900950061
89,Лазарь,Еремеевич,Щербакова,2018-07-08,male,2910 887589,enrolled,2011-09-01,,+76354104372
90,Руслан,Герасимович,Макарова,2014-01-25,male,4471 109307,enrolled,2011-09-01,,+71997819301
91,Нифонт,Елисеевич,Евдокимова,2008-02-04,male,9006 234330,enrolled,2011-09-01,,+79298428056
92,Ростислав,Фомич,Сазонова,2010-12-26,male,9419 944071,enrolled,2011-09-01,,+78964135085
93,Антонин,Леоновна,Никонов,2010-06-02,male,2228 804565,enrolled,2011-09-01,,+71350385295
94,Эммануил,Валерьянович,Гусев,2018-08-25,male,4100 315216,enrolled,2011-09-01,,+72629800647
95,Иосиф,Федотович,Макарова,2011-10-04,male,8923 224018,enrolled,2011-09-01,,+78239755400
96,Вероника,Арсенович,Ефимова,2013-07-24,female,8290 327752,enrolled,2011-09-01,,+74075729671
97,Пров,Тарасовна,Русакова,2018-06-07,male,2110 949337,enrolled,2011-09-01,,+74838512928
98,Иосиф,Антипович,Комаров,2016-10-06,male,5810 412248,enrolled,2011-09-01,,+75479460813
99,Пахом,Владиславовна,Осипова,2016-08-09,male,1919 808918,enrolled,2012-09-01,,+79507018073
100,Варвара,Рубеновна,Казаков,2011-10-06,female,9137 398074,enrolled,2012-09-01,,+77165786727
101,Светлана,Андреевна,Зимина,2018-09-27,female,3145 138389,enrolled,2012-09-01,,+79135960662
102,Дарья,Владленович,Семенов,2009-10-19,female,5213 511229,enrolled,2012-09-01,,+70149763369
103,Ольга,Венедиктович,Давыдова,2010-03-08,female,1712 470367,enrolled,2012-09-01,,+77448868395
104,Екатерина,Гурьевич,Евсеева,2008-09-04,female,1816 857978,enrolled,2012-09-01,,+78155075452
105,Андроник,Фролович,Романова,2012-07-25,male,7676 498545,enrolled,2012-09-01,,+70743304809
106,Галина,Эдгардович,Котова,2018-06-06,female,9079 823911,enrolled,2012-09-01,,+74580610242
107,Марк,Богданович,Ермакова,2019-04-20,male,4341 774686,enrolled,2012-09-01,,+77724959601
108,Антонина,Альбертовна,Орлов,2013-05-14,female,9781 950436,enrolled,2012-09-01,,+75187410410
109,Федот,Аркадьевна,Громов,2008-08-20,male,5369 510367,enrolled,2012-09-01,,+76860701794
110,Глафира,Харитоновна,Галкин,2009-08-04,female,8521 563626,enrolled,2012-09-01,,+79510371313
111,Панкрат,Денисович,Васильев,2014-05-23,male,3579 393400,enrolled,2012-09-01,,+73012581922
112,Синклитикия,Иосипович,Веселова,2016-04-06,female,2536 826274,enrolled,2012-09-01,,+72138480180
113,Павел,Леоновна,Авдеева,2018-11-12,male,8815 676326,enrolled,2012-09-01,,+78297770976
114,Клавдия,Анисимович,Пестова,2019-02-12,female,9376 315020,enrolled,2012-09-01,,+78581334660
115,Эмилия,Аркадьевна,Якушев,2011-03-02,female,1362 312512,enrolled,2012-09-01,,+76116057701
116,Вера,Абрамович,Никитин,2015-12-13,female,5712 440123,enrolled,2012-09-01,,+73536169620
117,Глафира,Святославовна,Смирнова,2016-11-12,female,8077 927774,enrolled,2012-09-01,,+73769596630
118,Лидия,Фролович,Фомичева,2015-04-12,female,1102 345324,enrolled,2012-09-01,,+72758652854
119,Эмиль,Аскольдовна,Самойлова,2013-03-13,male,8034 827243,enrolled,2012-09-01,,+78519564416
120,Игнатий,Евсеевич,Кузнецов,2014-07-28,male,2107 908989,enrolled,2012-09-01,,+75161810202
121,Валентин,Архипович,Комаров,2011-04-01,male,7178 457409,enrolled,2012-09-01,,+73113554268
122,Ольга,Руслановна,Крылов,2013-06-05,female,4541 215115,enrolled,2012-09-01,,+70134813430
123,Вероника,Фокич,Сорокина,2015-05-16,female,4462 393582,enrolled,2012-09-01,,+78246595105
124,Ирина,Евстигнеевич,Тимофеева,2012-02-10,female,7753 595029,enrolled,2012-09-01,,+70992702139
125,Татьяна,Елисеевич,Меркушев,2009-02-21,female,8383 993389,enrolled,2012-09-01,,+70218203700
126,Нонна,Дмитриевна,Семенова,2016-12-25,female,1342 807975,enrolled,2012-09-01,,+74059574239
127,Станимир,Ефимович,Муравьев,2010-02-13,male,4001 982958,enrolled,2012-09-01,,+79785028841
128,Фаина,Исидорович,Евдокимов,2011-12-29,female,9144 998048,enrolled,2012-09-01,,+78819706356
129,Нестор,Степановна,Мухина,2010-01-29,male,1164 652482,enrolled,2012-09-01,,+78949766901
130,Ростислав,Вилорович,Ларионов,2016-04-06,male,1783 583198,enrolled,2012-09-01,,+72035618855
131,Лукия,Ниловна,Носков,2015-05-06,female,9760 787141,enrolled,2012-09-01,,+76078129883
132,Викторин,Игоревна,Крюкова,2007-10-02,male,6644 568249,enrolled,2012-09-01,,+75469860041
133,Ангелина,Романовна,Ефремова,2015-09-10,female,7220 520475,enrolled,2012-09-01,,+73653045149
134,Любовь,Юльевич,Виноградова,2011-12-16,female,3870 946611,enrolled,2012-09-01,,+74994872325
135,Юлия,Жоресович,Костина,2009-03-21,female,3807 178515,enrolled,2012-09-01,,+74180007803
136,Клавдия,Степановна,Дроздова,2017-06-17,female,2171 483479,enrolled,2012-09-01,,+74453434529
137,Платон,Ефремович,Соколов,2010-11-03,male,4010 646388,enrolled,2012-09-01,,+79276557992
138,Остромир,Дмитриевич,Игнатьев,2010-11-30,male,7692 561284,enrolled,2012-09-01,,+78492697798
139,Ираида,Юлианович,Федорова,2012-07-06,female,3307 237088,enrolled,2012-09-01,,+73478457196
140,Сократ,Анатольевна,Филиппов,2011-04-12,male,3552 307855,enrolled,2012-09-01,,+74407309669
141,Савва,Иларионович,Новиков,2014-09-22,male,1630 452793,enrolled,2012-09-01,,+72728548090
142,Зинаида,Гаврилович,Кудрявцев,2007-10-29,female,3508 623498,enrolled,2012-09-01,,+78625096640
143,Ирина,Гертрудович,Макаров,2008-12-09,female,4450 939971,enrolled,2012-09-01,,+70894252788
144,Анжелика,Бориславович,Прохоров,2014-04-29,female,2904 255404,enrolled,2012-09-01,,+74515457796
145,Радован,Яковлевич,Евсеева,2010-08-01,male,3755 946963,enrolled,2012-09-01,,+78369847346
146,Любим,Валентиновна,Горшков,2014-05-22,male,7439 663604,enrolled,2012-09-01,,+75859745137
147,Афанасий,Кузьминична,Ситникова,2015-05-22,male,8936 501822,enrolled,2012-09-01,,+70484186897
148,Клавдия,Иосипович,Горбачева,2010-08-22,female,4540 360551,enrolled,2012-09-01,,+74402957687
149,Варвара,Альбертовна,Панфилов,2012-09-08,female,4955 530055,enrolled,2012-09-01,,+72211487227
150,Эмилия,Харлампович,Фокин,2014-10-09,female,7591 144953,enrolled,2012-09-01,,+78465354520
151,Прасковья,Харламович,Красильников,2015-08-08,female,6602 126989,enrolled,2012-09-01,,+70292619614
152,Фрол,Федосеевич,Рогова,2016-11-06,male,1251 142609,enrolled,2013-09-01,,+75569281868
153,Ольга,Дмитриевна,Воронова,2015-06-20,female,1181 716473,enrolled,2013-09-01,,+79503107694
154,Любим,Архиповна,Трофимов,2007-11-04,male,8394 113541,enrolled,2013-09-01,,+73435361617
155,Святополк,Архипович,Дорофеев,2013-04-29,male,7856 959040,enrolled,2013-09-01,,+70420717095
156,Велимир,Юрьевна,Андреева,2012-01-26,male,3661 604112,enrolled,2013-09-01,,+72123418234
157,Евпраксия,Абрамович,Гуляев,2018-11-11,female,2101 643610,enrolled,2013-09-01,,+76243180727
158,Ладислав,Викторович,Дорофеев,2010-06-23,male,6161 156512,enrolled,2013-09-01,,+73473866207
159,Нифонт,Августович,Агафонова,2007-11-02,male,7490 483317,enrolled,2013-09-01,,+72610253809
160,Вероника,Гордеевич,Лихачева,2008-01-01,female,4678 678370,enrolled,2013-09-01,,+72324241430
161,Вероника,Гаврилович,Крылова,2019-04-10,female,2608 442086,enrolled,2013-09-01,,+79333511623
162,Евгения,Власович,Лазарев,2011-08-03,female,9394 499593,enrolled,2013-09-01,,+75715522512
163,Тамара,Трофимович,Соболева,2011-05-12,female,6499 730800,enrolled,2013-09-01,,+74083139830
164,Вера,Анатольевич,Брагина,2018-10-13,female,3526 855968,enrolled,2013-09-01,,+78628892000
165,Радислав,Васильевич,Тарасова,2017-04-28,male,3629 541934,enrolled,2013-09-01,,+71984237976
166,Акулина,Феликсовна,Лебедева,2010-12-25,female,2657 650649,enrolled,2013-09-01,,+73096807913
167,Таисия,Антипович,Зимина,2017-05-19,female,9224 647434,enrolled,2013-09-01,,+74328649670
168,Антонин,Руслановна,Воронцов,2016-06-05,male,2109 712651,enrolled,2013-09-01,,+74327025507
169,Парамон,Владимировна,Морозов,2019-01-13,male,1252 166985,enrolled,2013-09-01,,+75651089369
170,Радим,Андреевна,Тихонова,2010-08-25,male,7996 222920,enrolled,2013-09-01,,+71049649031
171,Жанна,Ермилович,Орехов,2010-01-25,female,4450 789926,enrolled,2013-09-01,,+72279013526
172,Константин,Вениаминовна,Дмитриева,2011-07-15,male,1979 784781,enrolled,2013-09-01,,+79861789174
173,Прасковья,Натановна,Гущин,2007-09-07,female,2414 440223,enrolled,2013-09-01,,+70842198727
174,Моисей,Витальевич,Никонова,2014-06-23,male,9598 938349,enrolled,2013-09-01,,+72757041502
175,Илья,Макаровна,Новикова,2017-04-06,male,1653 501630,enrolled,2013-09-01,,+70278326514
176,Марфа,Ильич,Котов,2016-04-09,female,6496 987401,enrolled,2013-09-01,,+76000918066
177,Анжела,Викторович,Киселев,2013-04-13,female,4506 499472,enrolled,2013-09-01,,+72991889631
178,Владлен,Феоктистович,Борисова,2010-04-08,male,4037 538790,enrolled,2013-09-01,,+78321059402
179,Марк,Фокич,Селиверстов,2016-11-14,male,9054 763935,enrolled,2013-09-01,,+74566317812
180,Ульяна,Максимовна,Терентьева,2012-01-27,female,3189 167206,enrolled,2013-09-01,,+77529368668
181,Феврония,Альбертовна,Егоров,2011-08-21,female,4459 836519,enrolled,2013-09-01,,+73939805811
182,Пахом,Елизарович,Шарапов,2008-12-08,male,8161 161161,enrolled,2013-09-01,,+74049098452
183,Варвара,Тихонович,Кириллова,2019-04-18,female,2292 717644,enrolled,2013-09-01,,+74121379304
184,Регина,Фомич,Воронова,2012-02-13,female,9691 203326,enrolled,2013-09-01,,+77945757763
185,Алина,Игоревна,Захаров,2014-09-28,female,7888 766083,enrolled,2013-09-01,,+77222186490
186,Ирина,Филиппович,Николаев,2012-12-06,female,4866 354739,enrolled,2013-09-01,,+77288939966
187,Наина,Иларионович,Захарова,2011-03-26,female,7163 739387,enrolled,2013-09-01,,+70572857611
188,Октябрина,Ивановна,Беспалов,2008-07-23,female,5652 453543,enrolled,2013-09-01,,+75464908039
189,Семен,Аверьянович,Аксенова,2007-09-27,male,5819 951898,enrolled,2013-09-01,,+76128955244
190,Пелагея,Федоровна,Котова,2017-04-30,female,4017 439803,enrolled,2013-09-01,,+75360305842
191,Валерий,Дмитриевна,Терентьев,2016-12-14,male,7783 729393,enrolled,2013-09-01,,+78565561841
192,Доброслав,Георгиевич,Нестерова,2007-12-10,male,7601 422510,enrolled,2013-09-01,,+72755207505
193,Ульяна,Харламович,Горбунов,2013-05-31,female,6011 436966,enrolled,2013-09-01,,+72859006037
194,Казимир,Филатович,Филатов,2016-06-15,male,6008 992150,enrolled,2013-09-01,,+70034328655
195,Анна,Власович,Тихонов,2010-01-22,female,1772 320490,enrolled,2013-09-01,,+72977489539
196,Пимен,Геннадиевна,Осипова,2008-06-07,male,1704 208175,enrolled,2013-09-01,,+76285552743
197,Евдокия,Иларионович,Андреев,2008-05-21,female,9505 855942,enrolled,2013-09-01,,+74892204678
198,Федот,Теймуразович,Исаев,2017-04-17,male,3089 172439,enrolled,2013-09-01,,+77983545468
199,Изот,Яковлевна,Семенова,2009-10-14,male,4746 218315,enrolled,2013-09-01,,+75273480979
200,Лора,Власович,Кузьмина,2014-10-05,female,1736 993817,enrolled,2013-09-01,,+75237517844
201,Никанор,Абрамович,Комарова,2010-03-12,male,5122 928542,enrolled,2013-09-01,,+74325417844
202,Осип,Елисеевич,Кононов,2014-04-22,male,3459 565281,enrolled,2013-09-01,,+73484413018
203,Елизавета,Викторовна,Буров,2015-09-09,female,8206 457052,enrolled,2013-09-01,,+75792210801
204,Твердислав,Авдеевич,Красильников,2008-07-08,male,6340 467688,enrolled,2014-09-01,,+76658626745
205,Аристарх,Алексеевна,Денисова,2011-07-16,male,2681 293921,enrolled,2014-09-01,,+73030908673
206,Маргарита,Ерофеевич,Ларионова,2011-07-11,female,6590 856819,enrolled,2014-09-01,,+75089285864
207,Феврония,Трифонович,Комарова,2009-04-22,female,6580 597758,enrolled,2014-09-01,,+74356486941
208,Евпраксия,Власович,Михеева,2013-11-24,female,4769 770497,enrolled,2014-09-01,,+79512097534
209,Октябрина,Ефстафьевич,Субботина,2007-09-10,female,4066 656109,enrolled,2014-09-01,,+78295451088
210,Наина,Захаровна,Пономарева,2016-02-20,female,2946 508306,enrolled,2014-09-01,,+79375023668
211,Руслан,Игоревич,Юдин,2019-04-07,male,3887 404285,enrolled,2014-09-01,,+71417839602
212,Януарий,Кузьминична,Шашкова,2010-10-21,male,3188 361818,enrolled,2014-09-01,,+76494696977
213,Анна,Вячеславовна,Зыков,2014-07-22,female,2943 344526,enrolled,2014-09-01,,+76542174946
214,Афиноген,Матвеевна,Наумов,2008-04-25,male,2915 355924,enrolled,2014-09-01,,+74088164981
215,Милий,Борисович,Марков,2017-05-12,male,4105 429987,enrolled,2014-09-01,,+74461478915
216,Фаина,Германович,Козлов,2014-02-27,female,9534 834046,enrolled,2014-09-01,,+72336853660
217,Клавдия,Арсенович,Ермакова,2009-06-03,female,6119 332178,enrolled,2014-09-01,,+77555404323
218,Агата,Георгиевна,Селезнев,2010-09-20,female,5181 449938,enrolled,2014-09-01,,+70560715547
219,Лукия,Ермилович,Архипова,2012-04-10,female,3258 211493,enrolled,2014-09-01,,+72743012979
220,Савелий,Андреевич,Шаров,2015-03-28,male,9065 770287,enrolled,2014-09-01,,+79900721586
221,Аверкий,Артемьевич,Пахомова,2008-06-05,male,1624 801551,enrolled,2014-09-01,,+77217123772
222,Аникита,Владленович,Гуляева,2013-10-02,male,7022 817327,enrolled,2014-09-01,,+74440600743
223,Ратмир,Дорофеевич,Афанасьев,2015-02-12,male,4125 642859,enrolled,2014-09-01,,+78460416253
224,Кондрат,Владиленович,Зуева,2012-11-25,male,2455 808961,enrolled,2014-09-01,,+78773562077
225,Антонина,Иларионович,Котова,2013-12-09,female,2804 680073,enrolled,2014-09-01,,+74011643933
226,Анжелика,Юльевич,Новиков,2014-02-13,female,7693 169185,enrolled,2014-09-01,,+72394377907
227,Геннадий,Ниловна,Гаврилова,2017-12-18,male,1498 707552,enrolled,2014-09-01,,+72150357650
228,Яков,Сергеевна,Хохлов,2015-06-16,male,7223 760431,enrolled,2014-09-01,,+79098939544
229,Клавдий,Антонович,Карпова,2018-08-05,male,8559 473241,enrolled,2014-09-01,,+74407757628
230,Ратмир,Даниилович,Федотова,2015-02-18,male,3022 283508,enrolled,2014-09-01,,+73342730090
231,Евгения,Андреевна,Романов,2015-07-25,female,9175 363082,enrolled,2014-09-01,,+78728440777
232,Агата,Богдановна,Меркушева,2010-12-11,female,6344 367058,enrolled,2014-09-01,,+78351737831
233,Юлия,Валентинович,Вишнякова,2009-08-22,female,2801 511865,enrolled,2014-09-01,,+73381094146
234,Ян,Анатольевна,Морозова,2008-01-21,male,2329 584253,enrolled,2014-09-01,,+75812693300
235,Нонна,Натановна,Зыкова,2014-08-01,female,6101 660715,enrolled,2014-09-01,,+70462930749
236,Ираклий,Евсеевич,Крюков,2013-05-20,male,3410 332801,enrolled,2014-09-01,,+70896110644
237,Федот,Матвеевна,Прохоров,2009-12-28,male,8245 829066,enrolled,2014-09-01,,+74716030054
238,Любовь,Димитриевич,Зуева,2016-11-07,female,2776 439640,enrolled,2014-09-01,,+71489455265
239,Фаина,Никифоровна,Силина,2015-10-03,female,2461 465998,enrolled,2014-09-01,,+71711884829
240,Александра,Алексеевна,Абрамов,2014-09-29,female,4110 252851,enrolled,2014-09-01,,+71619900449
241,Фома,Ермилович,Исаков,2008-08-16,male,5610 644499,enrolled,2014-09-01,,+70418433858
242,Ирина,Андреевна,Данилова,2013-02-19,female,7705 527192,enrolled,2014-09-01,,+72721092432
243,Людмила,Геннадиевич,Рожков,2014-11-01,female,1503 224834,enrolled,2014-09-01,,+71291159857
244,Елисей,Евстигнеевич,Осипов,2011-11-22,male,6266 843053,enrolled,2014-09-01,,+79401198647
245,Наина,Константиновна,Архипов,2011-03-30,female,2333 180396,enrolled,2014-09-01,,+75703644922
246,Арсений,Феофанович,Михайлова,2014-11-10,male,3054 615317,enrolled,2014-09-01,,+74187074951
247,Радим,Даниилович,Лыткина,2015-06-22,male,2716 351314,enrolled,2014-09-01,,+76930689131
248,Валентина,Мироновна,Блохин,2018-02-20,female,1404 747333,enrolled,2014-09-01,,+75086578044
249,Анна,Феофанович,Ильин,2015-01-01,female,2720 168070,enrolled,2014-09-01,,+73337510151
250,Юрий,Димитриевич,Михеев,2012-06-10,male,7133 754796,enrolled,2014-09-01,,+70698665393
251,Прохор,Эдгардович,Бобылев,2017-06-14,male,2875 177482,enrolled,2014-09-01,,+74970842552
252,Севастьян,Руслановна,Жданова,2010-02-12,male,1687 699327,enrolled,2014-09-01,,+70810699261
253,Павел,Николаевна,Яковлева,2010-07-09,male,9441 571520,enrolled,2015-09-01,,+75375396093
254,Алина,Федоровна,Мясников,2015-04-23,female,1345 574939,enrolled,2015-09-01,,+75198073891
255,Остромир,Гертрудович,Комарова,2015-09-16,male,1025 371919,enrolled,2015-09-01,,+79345604499
256,Леонид,Аверьянович,Игнатьев,2018-01-11,male,9613 481697,enrolled,2015-09-01,,+72450247345
257,Владимир,Феоктистович,Алексеева,2011-01-16,male,4402 213566,enrolled,2015-09-01,,+71689172508
258,Кира,Демидович,Бирюкова,2011-02-12,female,7004 842051,enrolled,2015-09-01,,+76313079462
259,Святополк,Артёмович,Киселев,2007-09-08,male,1177 243027,enrolled,2015-09-01,,+78157527354
260,Кондрат,Владиславовна,Куликов,2015-10-04,male,1675 843997,enrolled,2015-09-01,,+70227619085
261,Остромир,Демьянович,Ефимова,2008-02-02,male,9471 764677,enrolled,2015-09-01,,+79275141725
262,Валентина,Даниилович,Шашков,2016-07-18,female,6812 712595,enrolled,2015-09-01,,+74691721793
263,Марина,Ивановна,Федотов,2018-02-14,female,8798 936215,enrolled,2015-09-01,,+76563398353
264,Элеонора,Захаровна,Романова,2009-08-23,female,6501 504995,enrolled,2015-09-01,,+75239159573
265,Марина,Валентинович,Щукин,2008-01-08,female,9946 338674,enrolled,2015-09-01,,+75066762351
266,Анастасия,Юльевна,Максимов,2009-07-06,female,3698 649179,enrolled,2015-09-01,,+72878325241
267,Валерия,Захаровна,Исакова,2015-09-16,female,4246 549944,enrolled,2015-09-01,,+75341119578
268,Кирилл,Владиленович,Туров,2008-02-07,male,9668 933327,enrolled,2015-09-01,,+75929125344
269,Сократ,Семеновна,Овчинникова,2008-06-12,male,1694 723865,enrolled,2015-09-01,,+71433798776
270,Амвросий,Ярославович,Хохлова,2011-08-17,male,8281 460360,enrolled,2015-09-01,,+78012719834
271,Селиван,Вениаминовна,Афанасьева,2010-10-15,male,4057 809169,enrolled,2015-09-01,,+73128334289
272,Раиса,Архиповна,Фокина,2008-01-21,female,4998 122992,enrolled,2015-09-01,,+78963336089
273,София,Филимонович,Носкова,2015-11-20,female,4803 645103,enrolled,2015-09-01,,+71924814987
274,Кира,Фадеевич,Богданов,2018-03-03,female,5844 963738,enrolled,2015-09-01,,+72502862119
275,Агата,Ануфриевич,Симонова,2016-08-25,female,5549 498211,enrolled,2015-09-01,,+73457545398
276,Клавдия,Ефимович,Антонова,2013-06-21,female,7242 502135,enrolled,2015-09-01,,+70556248874
277,Велимир,Ниловна,Суворова,2007-12-04,male,8682 783210,enrolled,2015-09-01,,+79165122968
278,Онуфрий,Захаровна,Рожкова,2011-11-17,male,2989 899529,enrolled,2015-09-01,,+70118815591
279,Лев,Филипповна,Исаков,2014-04-25,male,8444 972187,enrolled,2015-09-01,,+79168648193
280,Виссарион,Захарьевич,Авдеева,2018-01-17,male,5069 788240,enrolled,2015-09-01,,+75153896097
281,Евфросиния,Кирилловна,Игнатьева,2010-06-29,female,7442 176597,enrolled,2015-09-01,,+77180475971
282,Фока,Дмитриевич,Кулагина,2018-09-04,male,4947 345558,enrolled,2015-09-01,,+77876218038
283,Октябрина,Германович,Марков,2012-07-12,female,5096 648514,enrolled,2015-09-01,,+79123657386
284,Сильвестр,Натановна,Вишняков,2008-08-11,male,7363 119769,enrolled,2015-09-01,,+78818692359
285,Азарий,Феоктистович,Брагин,2018-09-05,male,3346 363019,enrolled,2015-09-01,,+72844086967
286,Эмилия,Юльевна,Денисов,2010-09-24,female,5669 274710,enrolled,2015-09-01,,+72389726374
287,Тамара,Елисеевич,Федоров,2008-10-18,female,2946 241038,enrolled,2015-09-01,,+72257419056
288,Аристарх,Измаилович,Никифоров,2010-05-31,male,7170 296931,enrolled,2015-09-01,,+78777011331
289,Анастасия,Антипович,Новикова,2013-08-17,female,9650 911638,enrolled,2015-09-01,,+77079964675
290,Фаина,Тарасович,Орехова,2016-04-15,female,1182 919690,enrolled,2015-09-01,,+71576608742
291,Еремей,Федосьевич,Крылов,2014-08-24,male,2278 551449,enrolled,2015-09-01,,+77616730976
292,Стоян,Геннадиевич,Кудряшов,2015-11-20,male,1635 901750,enrolled,2015-09-01,,+72133577244
293,Олимпий,Даниловна,Александрова,2017-02-20,male,3529 312587,enrolled,2015-09-01,,+70939767216
294,Ираида,Константиновна,Кудряшов,2009-08-27,female,9756 778201,enrolled,2015-09-01,,+70485614744
295,Тихон,Антоновна,Костина,2016-03-23,male,9162 285750,enrolled,2015-09-01,,+75301496911
296,Владимир,Матвеевич,Самсонова,2008-03-22,male,7570 515416,enrolled,2015-09-01,,+71682300734
297,Лукия,Филатович,Блохина,2009-04-25,female,3724 835325,enrolled,2015-09-01,,+79696470653
298,Радислав,Зиновьевич,Абрамова,2017-02-24,male,1310 763316,enrolled,2015-09-01,,+70660366034
299,Фаина,Феликсовна,Гурьева,2009-04-02,female,4172 467819,enrolled,2015-09-01,,+71535995793
300,Измаил,Кирилловна,Силин,2016-12-01,male,9152 417984,enrolled,2015-09-01,,+77203666114
301,Василий,Марсович,Борисов,2015-05-18,male,8067 620886,enrolled,2015-09-01,,+73472322683
302,Виктория,Романовна,Лукина,2014-10-26,female,9186 665521,enrolled,2015-09-01,,+73712781909
303,Захар,Кузьминична,Кононов,2017-08-10,male,5709 132124,enrolled,2015-09-01,,+77647500787
304,Наталья,Феликсовна,Нестерова,2016-11-25,female,5748 330628,enrolled,2015-09-01,,+73203799314
305,Петр,Ануфриевич,Абрамов,2008-10-17,male,1010 249242,enrolled,2015-09-01,,+78356241905
306,Галина,Тимофеевна,Шашков,2014-11-09,female,5882 861774,enrolled,2016-09-01,,+76529596989
307,Роман,Ефремович,Соловьев,2008-09-13,male,6554 670812,enrolled,2016-09-01,,+75162445258
308,Якуб,Харлампьевич,Кошелева,2009-07-19,male,5940 636056,enrolled,2016-09-01,,+75362211915
309,Савватий,Федотович,Кудрявцева,2008-05-04,male,2170 457132,enrolled,2016-09-01,,+72381612941
310,Алевтина,Артемовна,Мартынова,2012-09-12,female,9680 841419,enrolled,2016-09-01,,+77725182298
311,Маргарита,Арсенович,Овчинников,2012-08-30,female,8086 923147,enrolled,2016-09-01,,+70693010264
312,Анжела,Юрьевна,Потапов,2012-07-09,female,6073 462875,enrolled,2016-09-01,,+77243089259
313,Ираида,Гордеевич,Гаврилова,2011-04-20,female,2661 614876,enrolled,2016-09-01,,+77568762327
314,Марина,Игоревич,Селиверстов,2014-04-22,female,9924 147035,enrolled,2016-09-01,,+73777458956
315,Пров,Ильинична,Устинов,2014-01-29,male,7233 311954,enrolled,2016-09-01,,+75352292577
316,Моисей,Игнатьевич,Ермаков,2012-09-07,male,1469 719882,enrolled,2016-09-01,,+73296755677
317,Клавдия,Юльевич,Чернов,2014-02-19,female,2746 706647,enrolled,2016-09-01,,+77919232843
318,Якуб,Теймуразович,Фролов,2011-09-22,male,1708 837515,enrolled,2016-09-01,,+74456809175
319,Дарья,Руслановна,Данилов,2009-05-22,female,6901 173531,enrolled,2016-09-01,,+70603315414
320,Елизар,Евгеньевна,Новикова,2014-10-06,male,5079 595509,enrolled,2016-09-01,,+76299506646
321,Владлен,Харитоновна,Кузьмин,2017-07-27,male,8800 552178,enrolled,2016-09-01,,+70726929001
322,Наина,Руслановна,Белова,2010-07-27,female,7644 595183,enrolled,2016-09-01,,+77359481327
323,Сократ,Гордеевич,Гаврилова,2008-06-21,male,9426 230933,enrolled,2016-09-01,,+71963657862
324,Карл,Ефстафьевич,Павлова,2013-04-11,male,3065 111731,enrolled,2016-09-01,,+79264651387
325,Анжела,Юрьевна,Фролова,2007-11-29,female,1424 999088,enrolled,2016-09-01,,+75603233369
326,Полина,Максимовна,Морозов,2017-09-03,female,9296 386175,enrolled,2016-09-01,,+72806404820
327,Наркис,Данилович,Королева,2014-09-05,male,1592 672846,enrolled,2016-09-01,,+76537911248
328,Елена,Захарьевич,Большаков,2009-12-19,female,9091 444739,enrolled,2016-09-01,,+77546412420
329,Евфросиния,Степановна,Емельянов,2019-04-23,female,2334 668321,enrolled,2016-09-01,,+78831628286
330,Филипп,Давыдович,Доронин,2010-11-12,male,9591 538556,enrolled,2016-09-01,,+75560295756
331,Антип,Игоревна,Зиновьев,2008-07-05,male,7422 110764,enrolled,2016-09-01,,+74548415103
332,Фирс,Валентиновна,Федотова,2015-10-08,male,3066 521533,enrolled,2016-09-01,,+77258156716
333,Захар,Александрович,Шестакова,2009-06-02,male,2498 530189,enrolled,2016-09-01,,+70729011999
334,Еремей,Ефстафьевич,Данилов,2008-06-28,male,3858 488615,enrolled,2016-09-01,,+74323041644
335,Евпраксия,Аскольдовна,Комарова,2010-10-10,female,9439 601917,enrolled,2016-09-01,,+76234686993
336,Радим,Макаровна,Воронцова,2015-07-10,male,5617 341346,enrolled,2016-09-01,,+73296499402
337,Мария,Елисеевич,Жукова,2011-08-29,female,3506 823423,enrolled,2016-09-01,,+76260233255
338,Кира,Жоресович,Емельянова,2017-10-22,female,6917 913167,enrolled,2016-09-01,,+72502363648
339,Ксения,Павловна,Никифоров,2009-12-21,female,6604 841822,enrolled,2016-09-01,,+74481870332
340,Георгий,Афанасьевна,Овчинникова,2008-07-21,male,4019 933869,enrolled,2016-09-01,,+74347452513
341,Игнатий,Артурович,Григорьев,2017-10-05,male,3643 340080,enrolled,2016-09-01,,+79973221583
342,Олимпиада,Евстигнеевич,Маслова,2016-01-26,female,1310 398368,enrolled,2016-09-01,,+72447588514
343,Елена,Исидорович,Зыкова,2008-04-08,female,9687 662750,enrolled,2016-09-01,,+73764899797
344,Марина,Натановна,Степанова,2013-03-31,female,1161 571644,enrolled,2016-09-01,,+76094897008
345,Таисия,Матвеевна,Емельянов,2016-04-30,female,9274 442949,enrolled,2016-09-01,,+78793279170
346,Петр,Афанасьевна,Лаврентьева,2017-12-10,male,5775 486119,enrolled,2016-09-01,,+73036126855
347,Яков,Робертовна,Кабанова,2016-04-22,male,2445 128199,enrolled,2016-09-01,,+76885444065
348,Изяслав,Трифонович,Петухов,2011-07-29,male,9385 900258,enrolled,2016-09-01,,+79099512417
349,Лукьян,Елисеевич,Рябова,2018-10-26,male,2130 987690,enrolled,2016-09-01,,+73817207114
350,Фирс,Михайловна,Гордеева,2017-03-22,male,1952 517244,enrolled,2016-09-01,,+75726072078
351,Евпраксия,Арсенович,Герасимова,2014-01-03,female,4458 968793,enrolled,2016-09-01,,+72294823961
352,Кузьма,Федоровна,Никонов,2010-12-09,male,8441 944473,enrolled,2016-09-01,,+71800923005
353,Таисия,Игоревна,Григорьева,2014-10-16,female,3204 287929,enrolled,2016-09-01,,+70562161653
354,Елена,Геннадьевна,Кошелева,2009-01-04,female,6733 827965,enrolled,2016-09-01,,+74478217767
355,Людмила,Мироновна,Мельникова,2008-11-30,female,6837 874581,enrolled,2016-09-01,,+79543456307
356,Евдокия,Аркадьевна,Матвеева,2016-10-03,female,2664 499528,enrolled,2016-09-01,,+73421963044
357,Тихон,Иосифович,Орлов,2017-06-27,male,2782 389978,enrolled,2016-09-01,,+73851332354
358,Марк,Алексеевич,Фадеев,2018-05-08,male,8962 832427,enrolled,2016-09-01,,+79480489035
359,Варвара,Геннадиевна,Михайлова,2019-02-22,female,8720 551967,enrolled,2016-09-01,,+73958425834
360,Лонгин,Рудольфовна,Рожкова,2011-03-26,male,8721 416744,enrolled,2016-09-01,,+72285462701
361,Оксана,Ивановна,Владимирова,2016-05-15,female,8277 164746,enrolled,2017-09-01,,+73313866029
362,Лукия,Робертовна,Потапов,2014-03-24,female,2308 965437,enrolled,2017-09-01,,+76561179427
363,Анастасия,Анатольевна,Дорофеева,2014-07-06,female,9579 407748,enrolled,2017-09-01,,+78266886742
364,Лора,Августович,Егорова,2015-10-23,female,4304 653374,enrolled,2017-09-01,,+77010428907
365,Елена,Антоновна,Макаров,2017-03-22,female,2500 996193,enrolled,2017-09-01,,+73723366910
366,Ангелина,Эдуардовна,Колобова,2013-03-10,female,3136 761023,enrolled,2017-09-01,,+77183324550
367,Сократ,Васильевич,Николаев,2017-08-15,male,2061 477199,enrolled,2017-09-01,,+78536248432
368,Елизар,Валериевна,Пахомова,2016-03-28,male,3643 537810,enrolled,2017-09-01,,+72406179823
369,Александра,Егорович,Суханов,2009-06-27,female,2937 896888,enrolled,2017-09-01,,+79625833954
370,Макар,Исидорович,Иванов,2014-10-21,male,1267 548955,enrolled,2017-09-01,,+74805855683
371,Всеслав,Абрамович,Гусева,2011-09-22,male,1469 324656,enrolled,2017-09-01,,+77232901161
372,Лариса,Евгеньевна,Калашникова,2016-08-08,female,7923 198246,enrolled,2017-09-01,,+71120195392
373,Панкратий,Алексеевич,Лыткин,2009-03-06,male,5510 647061,enrolled,2017-09-01,,+77470640469
374,Фёкла,Кирилловна,Николаев,2009-05-24,female,5483 420727,enrolled,2017-09-01,,+76100584713
375,Самуил,Вячеславовна,Стрелкова,2013-02-23,male,9883 752770,enrolled,2017-09-01,,+70766452011
376,Лора,Филипповна,Пахомова,2015-04-06,female,6555 813818,enrolled,2017-09-01,,+74043415047
377,Вячеслав,Борисович,Журавлева,2019-06-17,male,6117 664057,enrolled,2017-09-01,,+72705516039
378,Куприян,Валентинович,Артемьева,2008-12-26,male,7878 902522,enrolled,2017-09-01,,+70954777292
379,Агата,Демидович,Ковалева,2012-05-06,female,2952 818757,enrolled,2017-09-01,,+79198953884
380,Валентина,Давыдович,Мартынова,2014-06-09,female,6873 138390,enrolled,2017-09-01,,+76612983090
381,Пелагея,Гордеевич,Савельева,2016-09-04,female,2532 547899,enrolled,2017-09-01,,+79004512968
382,Ладимир,Анатольевна,Князева,2017-11-18,male,8874 933117,enrolled,2017-09-01,,+75918350565
383,Милован,Александрович,Хохлов,2018-06-25,male,2866 747534,enrolled,2017-09-01,,+74757077824
384,Касьян,Власович,Карпова,2017-02-18,male,3916 733963,enrolled,2017-09-01,,+76533841657
385,Лазарь,Артёмович,Корнилова,2011-07-09,male,9281 606972,enrolled,2017-09-01,,+70304356234
386,Иннокентий,Павловна,Коновалов,2010-09-05,male,2687 687901,enrolled,2017-09-01,,+75904404897
387,Ипат,Оскаровна,Юдина,2019-05-09,male,3813 149528,enrolled,2017-09-01,,+75707813431
388,Евсей,Антипович,Красильников,2015-04-07,male,7052 241787,enrolled,2017-09-01,,+77027287709
389,Савва,Юльевич,Носова,2015-05-07,male,9868 339195,enrolled,2017-09-01,,+79908377298
390,Вацлав,Рудольфовна,Игнатьев,2017-01-03,male,2148 897844,enrolled,2017-09-01,,+73092250174
391,Илья,Елизарович,Емельянов,2010-12-18,male,4683 369806,enrolled,2017-09-01,,+74317027671
392,Лариса,Юльевна,Логинов,2018-05-13,female,7895 935531,enrolled,2017-09-01,,+74972083431
393,Антонина,Васильевна,Шестаков,2008-09-05,female,1574 353824,enrolled,2017-09-01,,+78161048117
394,Таисия,Егоровна,Лапина,2013-06-15,female,7287 701746,enrolled,2017-09-01,,+79580002703
395,Пелагея,Венедиктович,Горбачева,2015-01-16,female,6590 812832,enrolled,2017-09-01,,+70443734724
396,Феофан,Тарасовна,Александрова,2009-11-07,male,5569 731278,enrolled,2017-09-01,,+74586784144
397,Севастьян,Архиповна,Андреев,2015-08-15,male,5405 799058,enrolled,2017-09-01,,+74255463226
398,София,Тарасович,Козлова,2015-01-11,female,5116 359120,enrolled,2017-09-01,,+75435428242
399,Клавдия,Измаилович,Матвеева,2016-11-25,female,3552 818191,enrolled,2017-09-01,,+73034816269
400,Доброслав,Захарьевич,Буров,2015-05-04,male,8170 312907,enrolled,2017-09-01,,+75945165683
401,Рубен,Владленович,Тарасова,2019-03-21,male,6481 325494,enrolled,2017-09-01,,+79225523566
402,Яков,Георгиевич,Беляев,2011-03-10,male,3962 193467,enrolled,2017-09-01,,+76623709868
403,Натан,Ниловна,Романова,2008-06-28,male,6703 485811,enrolled,2017-09-01,,+76380531808
404,Панкратий,Ждановна,Котова,2010-04-18,male,6391 156804,enrolled,2017-09-01,,+77409338797
405,Ипат,Филипповна,Чернов,2010-04-17,male,8798 978667,enrolled,2017-09-01,,+75232132198
406,Изот,Артемьевич,Смирнова,2014-12-13,male,9259 824309,enrolled,2017-09-01,,+73684413804
407,Виктория,Герасимович,Ларионова,2014-09-09,female,1053 263346,enrolled,2017-09-01,,+72036103367
408,Прокл,Артемьевич,Пахомова,2017-05-12,male,7577 980264,enrolled,2017-09-01,,+72724775776
409,Симон,Димитриевич,Горшкова,2011-03-16,male,9556 762629,enrolled,2017-09-01,,+71566999123
410,Ксения,Гурьевич,Жданов,2014-06-12,female,9464 112993,enrolled,2017-09-01,,+71893644082
411,Григорий,Ильич,Захаров,2008-01-05,male,1497 579730,enrolled,2018-09-01,,+73020864463
412,Вера,Марсович,Боброва,2019-04-26,female,5594 306697,enrolled,2018-09-01,,+76145682310
413,Вышеслав,Адамович,Носов,2018-06-27,male,6651 560089,enrolled,2018-09-01,,+77777283650
414,Сильвестр,Антипович,Захарова,2017-12-18,male,3070 365211,enrolled,2018-09-01,,+77062566175
415,Кирилл,Наумовна,Сысоева,2017-09-10,male,5613 875496,enrolled,2018-09-01,,+77852226313
416,Анастасия,Егорович,Лобанова,2010-11-21,female,7580 472167,enrolled,2018-09-01,,+75318250709
417,Тамара,Сергеевна,Щербакова,2009-04-23,female,7853 214135,enrolled,2018-09-01,,+74413176479
418,Пахом,Евстигнеевич,Виноградов,2009-09-12,male,3833 439674,enrolled,2018-09-01,,+74639434700
419,Никита,Андреевна,Бобылева,2007-09-17,male,4164 684711,enrolled,2018-09-01,,+79562167109
420,Светлана,Харитоновна,Игнатьева,2015-03-26,female,1620 855099,enrolled,2018-09-01,,+73315111685
421,Артемий,Викторович,Борисова,2015-09-18,male,8556 955277,enrolled,2018-09-01,,+75767158226
422,Юлия,Артемьевич,Тетерина,2007-09-08,female,3454 942319,enrolled,2018-09-01,,+79539646878
423,Светлана,Елисеевич,Савельев,2008-02-23,female,8250 249619,enrolled,2018-09-01,,+75957426618
424,Панкрат,Рубеновна,Гущина,2014-03-20,male,1509 417900,enrolled,2018-09-01,,+78846352269
425,Агата,Ефстафьевич,Котов,2010-03-31,female,6245 593964,enrolled,2018-09-01,,+77710548244
426,Фаина,Валентинович,Козлов,2017-01-04,female,7932 221592,enrolled,2018-09-01,,+77061776353
427,Владилен,Аксёнович,Мельникова,2008-03-12,male,4938 473908,enrolled,2018-09-01,,+79479422465
428,Филарет,Владиленович,Жуков,2011-05-22,male,8073 365577,enrolled,2018-09-01,,+74621117941
429,Владлен,Августович,Орехова,2017-04-05,male,4562 348817,enrolled,2018-09-01,,+72222988871
430,Ираида,Мироновна,Ширяева,2014-03-16,female,3513 507156,enrolled,2018-09-01,,+74354177745
431,Ираида,Изотович,Зыков,2009-01-26,female,4076 681856,enrolled,2018-09-01,,+70216636510
432,Наина,Матвеевич,Панов,2010-06-06,female,6695 614223,enrolled,2018-09-01,,+75715545842
433,Казимир,Ниловна,Александрова,2016-11-01,male,1853 958287,enrolled,2018-09-01,,+75462472013
434,Зинаида,Кузьминична,Виноградов,2019-04-24,female,6569 841975,enrolled,2018-09-01,,+77394531989
435,Галактион,Филипповна,Кулагин,2008-07-13,male,3307 208132,enrolled,2018-09-01,,+70669052235
436,Лариса,Игнатьевич,Моисеев,2009-01-05,female,7103 135085,enrolled,2018-09-01,,+73919751891
437,Фёкла,Афанасьевич,Корнилова,2009-05-11,female,9506 526052,enrolled,2018-09-01,,+72391893860
438,Алевтина,Васильевна,Симонова,2018-03-03,female,3571 160388,enrolled,2018-09-01,,+79755767403
439,Ксения,Даниилович,Богданова,2008-06-11,female,8072 381595,enrolled,2018-09-01,,+72969338126
440,Василиса,Григорьевич,Беспалова,2009-10-04,female,3938 976904,enrolled,2018-09-01,,+77597621471
441,Вячеслав,Трофимович,Исаева,2016-08-05,male,6508 472482,enrolled,2018-09-01,,+75106347201
442,Ираклий,Степановна,Сафонова,2008-05-27,male,7402 895135,enrolled,2018-09-01,,+77291108846
443,Клавдия,Алексеевич,Якушев,2017-05-15,female,4669 358047,enrolled,2018-09-01,,+72057576339
444,Марина,Демидович,Лукина,2017-04-06,female,9812 480000,enrolled,2018-09-01,,+78999315693
445,Наина,Валентинович,Орехов,2015-02-17,female,5439 175089,enrolled,2018-09-01,,+74418465146
446,Анжела,Антипович,Кабанов,2009-10-20,female,2900 578462,enrolled,2018-09-01,,+74325536918
447,Степан,Марсович,Артемьев,2017-04-27,male,3798 239396,enrolled,2018-09-01,,+73048039876
448,Лариса,Захаровна,Матвеева,2012-06-28,female,2910 477544,enrolled,2018-09-01,,+76546881225
449,Алина,Павловна,Герасимов,2019-06-24,female,5718 335573,enrolled,2018-09-01,,+73099531860
450,Ираида,Ильясович,Лебедева,2017-05-13,female,2513 469838,enrolled,2018-09-01,,+75945414267
451,Геннадий,Вячеславовна,Куликов,2012-02-15,male,7925 884006,enrolled,2018-09-01,,+75322504843
452,Савелий,Бориславович,Никонов,2009-11-28,male,2483 777317,enrolled,2018-09-01,,+78655582485
453,Пантелеймон,Августович,Силина,2008-03-24,male,4663 912490,enrolled,2018-09-01,,+79863109625
454,Болеслав,Анисимович,Кабанов,2009-12-28,male,2794 142470,enrolled,2018-09-01,,+72027928712
455,Оксана,Захаровна,Щукина,2017-04-08,female,3426 925548,enrolled,2018-09-01,,+70732230665
456,Майя,Фролович,Мясникова,2013-07-14,female,4126 417523,enrolled,2018-09-01,,+72661708328
457,Панкрат,Димитриевич,Баранов,2017-03-18,male,4996 393788,enrolled,2018-09-01,,+78265832772
458,Илья,Яковлевна,Белоусова,2013-10-03,male,7181 995665,enrolled,2018-09-01,,+73534977529
459,Вера,Захарьевич,Тарасова,2015-07-24,female,3948 209412,enrolled,2018-09-01,,+72119075261
460,Жанна,Юрьевна,Мясников,2012-01-12,female,5742 449166,enrolled,2018-09-01,,+72587468999
461,Виталий,Григорьевич,Лукин,2014-08-02,male,9561 185399,enrolled,2019-09-01,,+70868014589
462,Емельян,Артемьевич,Тарасов,2014-01-24,male,9619 281918,enrolled,2019-09-01,,+72693222498
463,Евдокия,Исидорович,Рыбаков,2009-01-02,female,5624 721240,enrolled,2019-09-01,,+71548649635
464,Валерий,Тимофеевна,Кондратьева,2014-02-21,male,3024 860934,enrolled,2019-09-01,,+73501412838
465,Афиноген,Аксёнович,Воронцова,2008-04-17,male,7200 253231,enrolled,2019-09-01,,+72480003563
466,Ипатий,Архиповна,Орлов,2013-07-12,male,9536 151135,enrolled,2019-09-01,,+78845238922
467,Авдей,Елизарович,Самойлова,2015-11-20,male,2319 249359,enrolled,2019-09-01,,+72843581672
468,Олимпиада,Демьянович,Федотова,2009-10-01,female,2363 683924,enrolled,2019-09-01,,+74696180917
469,Болеслав,Анатольевич,Красильников,2009-08-02,male,1879 188962,enrolled,2019-09-01,,+70029659549
470,Александра,Аркадьевна,Рогов,2008-05-17,female,1556 826283,enrolled,2019-09-01,,+77600216808
471,Зинаида,Сергеевна,Исакова,2008-03-07,female,4348 375132,enrolled,2019-09-01,,+78803402321
472,Амос,Федотович,Крюкова,2013-03-29,male,3910 382141,enrolled,2019-09-01,,+77542714034
473,Андрей,Виленович,Зуев,2010-08-06,male,7440 796291,enrolled,2019-09-01,,+75125280648
474,Марфа,Ааронович,Филиппова,2013-03-09,female,9933 316314,enrolled,2019-09-01,,+74808195575
475,Конон,Олеговна,Дементьев,2010-10-22,male,4861 743099,enrolled,2019-09-01,,+77860016147
476,Анжела,Ильинична,Полякова,2015-05-16,female,7309 489337,enrolled,2019-09-01,,+72396849240
477,Анна,Демидович,Борисова,2010-08-31,female,2523 515470,enrolled,2019-09-01,,+72139336088
478,Лариса,Валентинович,Красильников,2018-06-03,female,2593 299702,enrolled,2019-09-01,,+77708584669
479,Нинель,Иосипович,Александров,2016-04-22,female,8153 652111,enrolled,2019-09-01,,+77143162929
480,Святополк,Яковлевич,Шубина,2018-01-16,male,8431 806934,enrolled,2019-09-01,,+79763400538
481,Оксана,Андреевич,Самойлов,2010-02-07,female,3397 299243,enrolled,2019-09-01,,+78547412906
482,Игорь,Ефимьевич,Молчанова,2011-07-07,male,9994 950375,enrolled,2019-09-01,,+74469035700
483,Ферапонт,Зиновьевич,Андреева,2012-05-03,male,8796 491876,enrolled,2019-09-01,,+76464074733
484,Кира,Демидович,Мухина,2009-03-04,female,5144 272963,enrolled,2019-09-01,,+74371273296
485,Евдокия,Вилорович,Королев,2010-09-21,female,2717 497915,enrolled,2019-09-01,,+78241414232
486,Раиса,Всеволодович,Рожков,2013-01-03,female,7784 563131,enrolled,2019-09-01,,+74343062936
487,Екатерина,Афанасьевич,Соколова,2016-09-15,female,8481 426445,enrolled,2019-09-01,,+71076523938
488,Любосмысл,Брониславович,Максимов,2016-02-13,male,6323 925307,enrolled,2019-09-01,,+74652852177
489,Сидор,Сергеевна,Николаева,2011-02-05,male,7722 687823,enrolled,2019-09-01,,+70442289336
490,Терентий,Харламович,Виноградова,2018-08-08,male,8231 461500,enrolled,2019-09-01,,+76342165375
491,Василиса,Вениаминовна,Комиссаров,2016-05-01,female,2643 292052,enrolled,2019-09-01,,+75741928786
492,Олимпиада,Адамович,Прохоров,2016-10-23,female,1718 445239,enrolled,2019-09-01,,+77936577273
493,Радислав,Тимуровна,Сидоров,2010-11-25,male,8006 309678,enrolled,2019-09-01,,+71841485649
494,Ульяна,Александрович,Никонова,2009-03-30,female,6103 565135,enrolled,2019-09-01,,+76728138100
495,Василиса,Матвеевич,Степанова,2017-11-01,female,6998 739487,enrolled,2019-09-01,,+70429323015
496,Гремислав,Игнатьевич,Сысоева,2012-03-23,male,5463 267575,enrolled,2019-09-01,,+75402274827
497,Алексей,Адрианович,Белова,2017-09-25,male,7415 447029,enrolled,2019-09-01,,+72384815230
498,Элеонора,Гордеевич,Калинин,2017-09-08,female,2280 451965,enrolled,2019-09-01,,+74084562299
499,Виктория,Григорьевич,Харитонова,2009-11-27,female,7665 633286,enrolled,2019-09-01,,+71965090062
500,Радислав,Дмитриевич,Сафонова,2010-09-11,male,1242 687129,enrolled,2019-09-01,,+76264906026
501,Марк,Артёмович,Брагина,2018-10-14,male,8663 590143,enrolled,2019-09-01,,+72548388981
502,Панкрат,Чеславович,Муравьев,2011-03-02,male,7390 262851,enrolled,2019-09-01,,+74654966096
503,Твердислав,Игнатьевич,Сидорова,2019-03-11,male,9232 484611,enrolled,2019-09-01,,+79406259583
504,Майя,Бориславович,Назаров,2009-02-05,female,2001 454493,enrolled,2019-09-01,,+75596529517
505,Вера,Федосеевич,Петухова,2012-04-14,female,7941 441164,enrolled,2019-09-01,,+76178270346
506,Таисия,Яковлевич,Крюков,2011-07-10,female,9242 507392,enrolled,2019-09-01,,+74373193851
507,Вера,Васильевна,Ситникова,2016-08-07,female,4415 621400,enrolled,2019-09-01,,+78622222600
508,Анжела,Алексеевич,Евсеева,2013-01-01,female,6072 973432,enrolled,2019-09-01,,+72782304729
509,Ольга,Якубович,Николаев,2009-01-21,female,7188 127351,enrolled,2019-09-01,,+73917468747
510,Василиса,Валентиновна,Кудрявцева,2015-09-21,female,1190 288594,enrolled,2019-09-01,,+78206917037
511,Лариса,Эдуардович,Кудрявцева,2016-12-14,female,8176 998974,enrolled,2019-09-01,,+77599380340
512,Софон,Валерьевич,Жуков,2012-01-22,male,3951 450874,enrolled,2019-09-01,,+74722698447
513,Евфросиния,Ерофеевич,Шубина,2010-12-07,female,9530 306526,enrolled,2019-09-01,,+78227162818
514,Светлана,Валерьянович,Тимофеева,2009-11-07,female,8033 878981,enrolled,2019-09-01,,+73550154847
515,Ульяна,Александровна,Зайцева,2013-05-09,female,4610 937810,enrolled,2019-09-01,,+75730009623
516,Майя,Андреевна,Абрамова,2009-12-02,female,3561 614813,enrolled,2020-09-01,,+71597528852
517,Нинель,Егоровна,Молчанов,2014-09-16,female,3759 198198,enrolled,2020-09-01,,+71417233662
518,Емельян,Ануфриевич,Кудрявцева,2016-02-23,male,5496 393914,enrolled,2020-09-01,,+73253783739
519,Ангелина,Гертрудович,Панова,2017-10-30,female,1866 414881,enrolled,2020-09-01,,+75371642323
520,Лукьян,Львовна,Жукова,2009-07-01,male,7394 416856,enrolled,2020-09-01,,+76715904717
521,Нинель,Германович,Самойлова,2011-10-23,female,9893 318943,enrolled,2020-09-01,,+72643000545
522,София,Геннадьевна,Куликов,2016-04-17,female,2123 729947,enrolled,2020-09-01,,+73218493336
523,Анжелика,Мироновна,Петухова,2014-04-23,female,2052 825740,enrolled,2020-09-01,,+74697274170
524,Елизавета,Адамович,Антонов,2011-02-20,female,3415 645871,enrolled,2020-09-01,,+79617371340
525,Панкрат,Вячеславовна,Громова,2009-03-20,male,2374 794981,enrolled,2020-09-01,,+73512045819
526,Глеб,Аверьянович,Горшкова,2009-11-21,male,7908 830526,enrolled,2020-09-01,,+70472973921
527,Пахом,Венедиктович,Дьячкова,2015-07-17,male,5006 542200,enrolled,2020-09-01,,+73495644960
528,София,Юльевич,Михеева,2013-10-29,female,8886 231782,enrolled,2020-09-01,,+70754560333
529,Андрей,Ярославович,Хохлова,2010-07-18,male,9308 411232,enrolled,2020-09-01,,+70046983594
530,Зоя,Авдеевич,Королев,2017-07-08,female,5564 355539,enrolled,2020-09-01,,+75192913975
531,Казимир,Вячеславович,Воронов,2013-09-23,male,9506 321675,enrolled,2020-09-01,,+74949523601
532,Акулина,Кузьминична,Буров,2011-10-26,female,3184 415423,enrolled,2020-09-01,,+70164814117
533,Еремей,Ниловна,Морозов,2010-08-10,male,9638 988672,enrolled,2020-09-01,,+78350989126
534,Герман,Давидович,Артемьева,2016-11-30,male,6763 729241,enrolled,2020-09-01,,+74278659780
535,Кира,Германович,Петухов,2017-12-20,female,6883 479816,enrolled,2020-09-01,,+76678456036
536,Ювеналий,Фёдорович,Михайлов,2017-08-03,male,6756 658164,enrolled,2020-09-01,,+73121107638
537,Ирина,Измаилович,Веселов,2019-03-25,female,3620 156326,enrolled,2020-09-01,,+74274953172
538,Наталья,Григорьевич,Якушева,2015-09-07,female,1280 602053,enrolled,2020-09-01,,+79745991952
539,Фадей,Иларионович,Игнатьев,2014-03-20,male,1062 735309,enrolled,2020-09-01,,+79710482986
540,Андроник,Игоревич,Калашников,2011-10-11,male,9157 422207,enrolled,2020-09-01,,+72478595466
541,Бронислав,Афанасьевич,Меркушев,2007-08-20,male,8581 537361,enrolled,2020-09-01,,+72913404426
542,Остап,Феофанович,Пестова,2017-02-23,male,8319 131533,enrolled,2020-09-01,,+78188830461
543,Ладислав,Станиславовна,Волкова,2013-10-14,male,5179 611249,enrolled,2020-09-01,,+72890400046
544,Феврония,Гертрудович,Меркушев,2018-07-31,female,1424 103882,enrolled,2020-09-01,,+72720973952
545,Борис,Трифонович,Кузнецов,2009-12-11,male,6017 167253,enrolled,2020-09-01,,+74279969356
546,Милица,Эдуардович,Дьячков,2012-12-24,female,5174 496918,enrolled,2020-09-01,,+71392189579
547,Таисия,Феликсович,Брагина,2009-01-16,female,7839 587464,enrolled,2020-09-01,,+79667586565
548,Фома,Станиславовна,Рыбакова,2008-04-10,male,5993 793771,enrolled,2020-09-01,,+74539983789
549,Иванна,Эдуардович,Баранов,2014-05-14,female,6304 831312,enrolled,2020-09-01,,+70253516816
550,Регина,Алексеевна,Панова,2014-02-23,female,1343 605422,enrolled,2020-09-01,,+70200136427
551,Устин,Филипповна,Лапина,2018-05-05,male,5586 754878,enrolled,2020-09-01,,+71188152368
552,Гостомысл,Теймуразович,Васильева,2014-01-01,male,9887 766894,enrolled,2020-09-01,,+77374799988
553,Дементий,Альбертовна,Федоров,2017-04-04,male,5032 718809,enrolled,2020-09-01,,+78843471365
554,Ия,Харлампович,Андреев,2015-01-24,female,9164 733393,enrolled,2020-09-01,,+77543563715
555,Севастьян,Святославовна,Боброва,2011-01-24,male,8201 515397,enrolled,2020-09-01,,+76152726890
556,Акулина,Георгиевна,Исаев,2011-08-18,female,5484 848883,enrolled,2020-09-01,,+74659545226
557,Елена,Ермолаевич,Комиссарова,2014-01-10,female,3689 302963,enrolled,2020-09-01,,+71159783975
558,Лидия,Борисовна,Федоров,2007-08-29,female,5614 544501,enrolled,2020-09-01,,+75928885578
559,Анна,Якубович,Суворова,2010-01-08,female,5011 462065,enrolled,2020-09-01,,+79064344896
560,Арефий,Юлианович,Кабанова,2019-02-25,male,1782 368830,enrolled,2020-09-01,,+77010673091
561,Харитон,Ануфриевич,Лыткина,2012-07-24,male,7598 401069,enrolled,2020-09-01,,+74350173203
562,Карл,Вячеславович,Шаров,2015-11-28,male,1995 216096,enrolled,2020-09-01,,+73928699366
563,Евгения,Витальевич,Дементьев,2010-11-05,female,2881 491363,enrolled,2020-09-01,,+74825200362
564,Владлен,Ермолаевич,Беляев,2018-12-26,male,2237 679247,enrolled,2020-09-01,,+70763065529
565,Эрнест,Валентиновна,Степанов,2012-03-10,male,5514 689101,enrolled,2020-09-01,,+75806491067
566,Герман,Дмитриевич,Абрамов,2017-05-07,male,2994 642220,enrolled,2020-09-01,,+79868218368
